[{"street": "4729 102nd Avenue", "city": "Cranbrook", "province": "British Columbia", "postalCode": "V1C 2R9"}, {"street": "2755 Victoria Park Ave", "city": "Toronto", "province": "Ontario", "postalCode": "M2J 3T7"}, {"street": "3075 Dundas St", "city": "London", "province": "Ontario", "postalCode": "N6B 3L5"}, {"street": "3365 137th Avenue", "city": "Edmonton", "province": "Alberta", "postalCode": "T5B 3V4"}, {"street": "2767 avenue de Port-Royal", "city": "Bonaventure", "province": "Quebec", "postalCode": "G0C 1E0"}, {"street": "1872 Heatherleigh", "city": "Cooksville", "province": "Ontario", "postalCode": "L5A 1V9"}, {"street": "2159 Wellington Street", "city": "Toronto", "province": "Ontario", "postalCode": "M9C 3J5"}, {"street": "3616 Bloor Street", "city": "Vegreville", "province": "Alberta", "postalCode": "T0B 4L0"}, {"street": "3147 Roger Street", "city": "Port Alberni", "province": "British Columbia", "postalCode": "V9Y 4M8"}, {"street": "1637 Park Ct", "city": "Drayton Valley", "province": "Alberta", "postalCode": "T0E 0M0"}, {"street": "1617 Benton Street", "city": "Kitchener", "province": "Ontario", "postalCode": "N2G 4L9"}, {"street": "2385 Jasper Ave", "city": "Edmonton", "province": "Alberta", "postalCode": "T5J 3N6"}, {"street": "4065 rue Ontario Ouest", "city": "Montreal", "province": "Quebec", "postalCode": "H2X 1Y8"}, {"street": "3815 Ste. Catherine Ouest", "city": "Montreal", "province": "Quebec", "postalCode": "H3B 4W5"}, {"street": "3326 Robson St", "city": "Vancouver", "province": "British Columbia", "postalCode": "V6B 3K9"}, {"street": "4181 De la Providence Avenue", "city": "Hull", "province": "Quebec", "postalCode": "J8X 1N5"}, {"street": "1896 James Street", "city": "Attawapiskat", "province": "Ontario", "postalCode": "P0L 1A0"}, {"street": "1373 Hamilton Street", "city": "Earl Grey", "province": "Saskatchewan", "postalCode": "S4P 3Y2"}, {"street": "917 Rue King", "city": "Sherbrooke", "province": "Quebec", "postalCode": "J1H 1R4"}, {"street": "1117 Eglinton Avenue", "city": "Toronto", "province": "Ontario", "postalCode": "M4P 1A6"}, {"street": "584 chemin Hudson", "city": "Montreal", "province": "Quebec", "postalCode": "H4J 1M9"}, {"street": "4517 rue Garneau", "city": "Quebec", "province": "Quebec", "postalCode": "G1V 3V5"}, {"street": "4206 Merivale Road", "city": "Kanata", "province": "Ontario", "postalCode": "K2K 1L9"}, {"street": "3730 Tycos Dr", "city": "Toronto", "province": "Ontario", "postalCode": "M5T 1T4"}, {"street": "1634 Carling Avenue", "city": "Ottawa", "province": "Ontario", "postalCode": "K1Z 7B5"}, {"street": "2848 Nelson Street", "city": "Larder Lake", "province": "Ontario", "postalCode": "P0K 1L0"}, {"street": "624 Tanner Street", "city": "Vancouver", "province": "British Columbia", "postalCode": "V5R 2T4"}, {"street": "4808 Ross Street", "city": "Kingston", "province": "Ontario", "postalCode": "K7L 4V4"}, {"street": "2358 St. Paul Street", "city": "Niagara Falls", "province": "Ontario", "postalCode": "L2E 4E6"}, {"street": "2239 Churchill Plaza", "city": "Sault Ste Marie", "province": "Ontario", "postalCode": "P6A 1Z2"}, {"street": "2064 Jasper Avenue", "city": "Edmonton", "province": "Alberta", "postalCode": "T5J 3N2"}, {"street": "2698 Horner Ave", "city": "Toronto", "province": "Ontario", "postalCode": "M8W 4Y4"}, {"street": "2705 Princess St", "city": "Kingston", "province": "Ontario", "postalCode": "K7L 1C2"}, {"street": "2116 Gateway Blvd", "city": "Edmonton", "province": "Alberta", "postalCode": "T6H 1J5"}, {"street": "849 Bank St", "city": "Ottawa", "province": "Ontario", "postalCode": "K1H 7Z1"}, {"street": "1363 Lynden Road", "city": "Coldwater", "province": "Ontario", "postalCode": "L0K 1E0"}, {"street": "4633 Calgary Avenue", "city": "Penticton", "province": "British Columbia", "postalCode": "V2A 2T6"}, {"street": "2255 rue des Églises Est", "city": "Louvicourt", "province": "Quebec", "postalCode": "J0Y 1Y0"}, {"street": "2983 Islington Ave", "city": "Toronto", "province": "Ontario", "postalCode": "M8V 3B6"}, {"street": "3926 Sheppard Ave", "city": "Toronto", "province": "Ontario", "postalCode": "M1S 1T4"}, {"street": "1108 Reserve St", "city": "Eganville", "province": "Ontario", "postalCode": "K0J 1T0"}, {"street": "104 Adelaide St", "city": "Toronto", "province": "Ontario", "postalCode": "M5H 1P6"}, {"street": "1818 Toy Avenue", "city": "Oshawa", "province": "Ontario", "postalCode": "L1H 7M3"}, {"street": "1183 90th Avenue", "city": "Hanna", "province": "Alberta", "postalCode": "T0J 1P0"}, {"street": "1879 Yonge Street", "city": "Toronto", "province": "Ontario", "postalCode": "M4W 1J7"}, {"street": "3260 Tycos Dr", "city": "Toronto", "province": "Ontario", "postalCode": "M5T 1T4"}, {"street": "2359 MacLaren Street", "city": "Ottawa", "province": "Ontario", "postalCode": "K1P 5M7"}, {"street": "2476 rue Levy", "city": "Montreal", "province": "Quebec", "postalCode": "H3C 5K4"}, {"street": "2397 Reserve St", "city": "Bancroft", "province": "Ontario", "postalCode": "K0L 1C0"}, {"street": "4474 Toy Avenue", "city": "Ajax Pickering", "province": "Ontario", "postalCode": "L1W 3N9"}, {"street": "1518 Speers Road", "city": "Oakville", "province": "Ontario", "postalCode": "L6L 2X5"}, {"street": "3718 Bank St", "city": "Ottawa", "province": "Ontario", "postalCode": "K1H 7Z1"}, {"street": "1653 Cannon Line Dr", "city": "Waterside", "province": "Prince Edward Island", "postalCode": "C1B 0S8"}, {"street": "3131 St Jean Baptiste St", "city": "Norbertville", "province": "Quebec", "postalCode": "G0P 1B0"}, {"street": "3358 Bayfield St", "city": "Barrie", "province": "Ontario", "postalCode": "L4M 4S8"}, {"street": "4143 James Street", "city": "Opasatika", "province": "Ontario", "postalCode": "P0L 1Z0"}, {"street": "2779 Princess St", "city": "Kingston", "province": "Ontario", "postalCode": "K7L 1C2"}, {"street": "191 47th Avenue", "city": "Carmacks", "province": "Yukon", "postalCode": "Y0B 1C0"}, {"street": "2965 Hammarskjold Dr", "city": "Burnaby", "province": "British Columbia", "postalCode": "V5B 3C9"}, {"street": "4363 Robson St", "city": "Vancouver", "province": "British Columbia", "postalCode": "V6B 3K9"}, {"street": "4411 Rose Street", "city": "Regina", "province": "Saskatchewan", "postalCode": "S4P 3Y2"}, {"street": "1029 9th Avenue", "city": "Woodstock", "province": "Ontario", "postalCode": "N4S 6J6"}, {"street": "1517 102nd Avenue", "city": "Cranbrook", "province": "British Columbia", "postalCode": "V1C 2R9"}, {"street": "1644 Bayfield St", "city": "Midland", "province": "Ontario", "postalCode": "L4S 1V5"}, {"street": "3157 Glover Road", "city": "Coquitlam", "province": "British Columbia", "postalCode": "V3J 4S1"}, {"street": "2903 Bridgeport Rd", "city": "Orangeville", "province": "Ontario", "postalCode": "L9W 2C8"}, {"street": "2268 Reserve St", "city": "Keene", "province": "Ontario", "postalCode": "K0L 2G0"}, {"street": "4602 Garden Drive", "city": "Kensington", "province": "Prince Edward Island", "postalCode": "C0B 1M0"}, {"street": "4051 St. Paul Street", "city": "St Catharines", "province": "Ontario", "postalCode": "L2R 7L4"}, {"street": "4187 Robson St", "city": "Vancouver", "province": "British Columbia", "postalCode": "V6B 3K9"}, {"street": "1292 Lockhart Drive", "city": "Barrie", "province": "Ontario", "postalCode": "L4M 3B1"}, {"street": "396 Maynard Rd", "city": "Calgary", "province": "Alberta", "postalCode": "T2E 6J8"}, {"street": "399 Papineau Avenue", "city": "Montreal", "province": "Quebec", "postalCode": "H2K 4J5"}, {"street": "192 Fallon Drive", "city": "Holstein", "province": "Ontario", "postalCode": "N0G 2A0"}, {"street": "2015 Haaglund Rd", "city": "Christina Lake", "province": "British Columbia", "postalCode": "V0H 1E0"}, {"street": "2629 Yonge Street", "city": "Toronto", "province": "Ontario", "postalCode": "M4W 1J7"}, {"street": "3715 Brew Creek Rd", "city": "Vananda", "province": "British Columbia", "postalCode": "V0N 3K0"}, {"street": "3828 Barton Street", "city": "Hamilton", "province": "Ontario", "postalCode": "L8P 1P8"}, {"street": "1083 Stoney Creek", "city": "Goodsoil", "province": "Saskatchewan", "postalCode": "S4P 3Y2"}, {"street": "4489 St Jean Baptiste St", "city": "Desbiens", "province": "Quebec", "postalCode": "G0W 1N0"}, {"street": "3555 Kinchant St", "city": "Prince George", "province": "British Columbia", "postalCode": "V2N 4M6"}, {"street": "2908 Harvest Moon Dr", "city": "Unionville", "province": "Ontario", "postalCode": "L3R 0L7"}, {"street": "376 Weir Crescent", "city": "Toronto", "province": "Ontario", "postalCode": "M1E 3T8"}, {"street": "141 5th Avenue", "city": "Sexsmith", "province": "Alberta", "postalCode": "T0H 3C0"}, {"street": "1410 Pitt St", "city": "Cornwall", "province": "Ontario", "postalCode": "K6J 3R2"}, {"street": "1359 Tanner Street", "city": "Vancouver", "province": "British Columbia", "postalCode": "V5R 2T4"}, {"street": "256 Wellington Street", "city": "Toronto", "province": "Ontario", "postalCode": "M9C 3J5"}, {"street": "4346 Harvest Moon Dr", "city": "Unionville", "province": "Ontario", "postalCode": "L3R 0L7"}, {"street": "2264 Water Street", "city": "Kitchener", "province": "Ontario", "postalCode": "N2H 5A5"}, {"street": "2677 chemin Hudson", "city": "Montreal", "province": "Quebec", "postalCode": "H4J 1M9"}, {"street": "2304 Fallon Drive", "city": "Tiverton", "province": "Ontario", "postalCode": "N0G 2T0"}, {"street": "3612 Nelson Street", "city": "Nakina", "province": "Ontario", "postalCode": "P0T 2H0"}, {"street": "1451 Jasper Avenue", "city": "Edmonton", "province": "Alberta", "postalCode": "T5J 3N2"}, {"street": "1712 Goyeau Ave", "city": "Windsor", "province": "Ontario", "postalCode": "N9A 1H9"}, {"street": "4803 Embro St", "city": "Beachville", "province": "Ontario", "postalCode": "N0J 1A0"}, {"street": "1404 Nootka Street", "city": "Vancouver", "province": "British Columbia", "postalCode": "V5M 3M5"}, {"street": "903 James Street", "city": "Aldergrove", "province": "British Columbia", "postalCode": "V5W 3P7"}, {"street": "3579 Cassells St", "city": "North Bay", "province": "Ontario", "postalCode": "P1B 2Y7"}, {"street": "2122 Sherbrooke Ouest", "city": "Montreal", "province": "Quebec", "postalCode": "H4A 1H3"}, {"street": "3084 Joseph St", "city": "Kitchener", "province": "Ontario", "postalCode": "N2C 1A7"}, {"street": "1211 Findlay Creek Road", "city": "Creston", "province": "British Columbia", "postalCode": "V0B 1G0"}, {"street": "1744 Jasper Ave", "city": "Edmonton", "province": "Alberta", "postalCode": "T5J 3N6"}, {"street": "4929 Boulevard Cremazie", "city": "Quebec", "province": "Quebec", "postalCode": "G1R 1B8"}, {"street": "3638 Reserve St", "city": "Rolphton", "province": "Ontario", "postalCode": "K0J 2H0"}, {"street": "3536 Pine Street", "city": "Bentley", "province": "Alberta", "postalCode": "T0C 0J0"}, {"street": "1575 Brew Creek Rd", "city": "Pender Harbour", "province": "British Columbia", "postalCode": "V0N 2H0"}, {"street": "1988 7th Ave", "city": "Calgary", "province": "Alberta", "postalCode": "T2P 0W4"}, {"street": "4146 Bay Street", "city": "Toronto", "province": "Ontario", "postalCode": "M5J 2R8"}, {"street": "1917 49th Avenue", "city": "Pond Inlet", "province": "Nunavut", "postalCode": "X0A 0S0"}, {"street": "4560 11th Ave", "city": "Calgary", "province": "Alberta", "postalCode": "T2P 1M6"}, {"street": "2862 Hamilton Street", "city": "Elfros", "province": "Saskatchewan", "postalCode": "S4P 3Y2"}, {"street": "3197 11th Ave", "city": "Calgary", "province": "Alberta", "postalCode": "T2P 1M6"}, {"street": "1165 Embro St", "city": "Beachville", "province": "Ontario", "postalCode": "N0J 1A0"}, {"street": "3150 James Street", "city": "St Catharines", "province": "Ontario", "postalCode": "L2R 3H6"}, {"street": "4186 Bridgeport Rd", "city": "Hamilton", "province": "Ontario", "postalCode": "L9A 4V3"}, {"street": "677 Roger Street", "city": "Nanaimo", "province": "British Columbia", "postalCode": "V9T 5H3"}, {"street": "3139 Hamilton Street", "city": "Metcalfe", "province": "Ontario", "postalCode": "K0A 2P0"}, {"street": "3227 Halsey Avenue", "city": "Toronto", "province": "Ontario", "postalCode": "M3B 2W6"}, {"street": "2796 Bloor Street", "city": "Lavoy", "province": "Alberta", "postalCode": "T0B 2S0"}, {"street": "3737 Burdett Avenue", "city": "Victoria", "province": "British Columbia", "postalCode": "V8W 1B2"}, {"street": "4735 Kinchant St", "city": "Prince George", "province": "British Columbia", "postalCode": "V2N 2S6"}, {"street": "3752 Stoney Creek", "city": "Green Lake", "province": "Saskatchewan", "postalCode": "S4P 3Y2"}, {"street": "4090 Port Washington Road", "city": "Crossfield", "province": "Alberta", "postalCode": "T0M 0S0"}, {"street": "1575 Albert Street", "city": "London", "province": "Ontario", "postalCode": "N5W 5K6"}, {"street": "4883 Islington Ave", "city": "Toronto", "province": "Ontario", "postalCode": "M8V 3B6"}, {"street": "3558 Yonge Street", "city": "Toronto", "province": "Ontario", "postalCode": "M4W 1J7"}, {"street": "4722 50th Street", "city": "Vegreville", "province": "Alberta", "postalCode": "T9C 1S1"}, {"street": "1971 Carling Avenue", "city": "Ottawa", "province": "Ontario", "postalCode": "K1Z 7B5"}, {"street": "2258 Robson St", "city": "Vancouver", "province": "British Columbia", "postalCode": "V6B 3K9"}, {"street": "603 Royal Avenue", "city": "New Westminster", "province": "British Columbia", "postalCode": "V3L 5H1"}, {"street": "1818 rue des Églises Est", "city": "Beaucanton", "province": "Quebec", "postalCode": "J0Z 1H0"}, {"street": "4167 Bayfield St", "city": "Richmond Hill", "province": "Ontario", "postalCode": "L4C 3Y2"}, {"street": "1217 A Avenue", "city": "Edmonton", "province": "Alberta", "postalCode": "T5J 0K7"}, {"street": "989 Toy Avenue", "city": "Oshawa", "province": "Ontario", "postalCode": "L1H 4K5"}, {"street": "1070 Dufferin Street", "city": "Toronto", "province": "Ontario", "postalCode": "M6H 4B6"}, {"street": "4367 rue de la Gauchetière", "city": "Montreal", "province": "Quebec", "postalCode": "H3B 2M3"}, {"street": "185 Main St", "city": "Melville", "province": "Saskatchewan", "postalCode": "S0A 2P0"}, {"street": "2456 Bridgeport Rd", "city": "Hamilton", "province": "Ontario", "postalCode": "L9A 4V3"}, {"street": "1550 Leduc Street", "city": "L'orignal", "province": "Ontario", "postalCode": "K0B 1K0"}, {"street": "2092 137th Avenue", "city": "Edmonton", "province": "Alberta", "postalCode": "T5M 3K3"}, {"street": "3438 Churchill Plaza", "city": "Sault Ste Marie", "province": "Ontario", "postalCode": "P6A 1Z2"}, {"street": "4878 MacLaren Street", "city": "Ottawa", "province": "Ontario", "postalCode": "K1P 5M7"}, {"street": "1281 Kinchant St", "city": "Chilliwack", "province": "British Columbia", "postalCode": "V2P 2S6"}, {"street": "4484 Lynden Road", "city": "Beeton", "province": "Ontario", "postalCode": "L0G 1A0"}, {"street": "2197 Paris St", "city": "Sudbury", "province": "Ontario", "postalCode": "P3E 4K2"}, {"street": "1705 Islington Ave", "city": "Toronto", "province": "Ontario", "postalCode": "M9V 2X5"}, {"street": "3890 Barton Street", "city": "Hamilton", "province": "Ontario", "postalCode": "L8P 1P8"}, {"street": "2442 Carling Avenue", "city": "Ottawa", "province": "Ontario", "postalCode": "K1Z 7B5"}, {"street": "4333 Scotts Lane", "city": "Nanaimo", "province": "British Columbia", "postalCode": "V0R 1J0"}, {"street": "1726 Carling Avenue", "city": "Ottawa", "province": "Ontario", "postalCode": "K1Z 7B5"}, {"street": "1116 Front Street", "city": "Toronto", "province": "Ontario", "postalCode": "M5J 2N1"}, {"street": "2287 Bay Street", "city": "Toronto", "province": "Ontario", "postalCode": "M5J 2R8"}, {"street": "3230 Albert Street", "city": "Aylmer", "province": "Ontario", "postalCode": "N5H 1L2"}, {"street": "694 Stum Lake Road", "city": "Alkali Lake", "province": "British Columbia", "postalCode": "V0L 1B0"}, {"street": "4386 Toy Avenue", "city": "Ajax", "province": "Ontario", "postalCode": "L1S 6L6"}, {"street": "734 Nelson Street", "city": "Pikangikum", "province": "Ontario", "postalCode": "P0V 2L0"}, {"street": "3225 Jasper Ave", "city": "Edmonton", "province": "Alberta", "postalCode": "T5J 3N6"}, {"street": "1346 rue des Églises Est", "city": "Clericy", "province": "Quebec", "postalCode": "J0Z 1P0"}, {"street": "4518 rue Saint-Antoine", "city": "Drummondville", "province": "Quebec", "postalCode": "J2C 7A8"}, {"street": "436 Runnymede Rd", "city": "Toronto", "province": "Ontario", "postalCode": "M6S 2Z7"}, {"street": "3606 Weir Crescent", "city": "Toronto", "province": "Ontario", "postalCode": "M1E 3T8"}, {"street": "3302 Rayborn Crescent", "city": "St Albert", "province": "Alberta", "postalCode": "T8N 1C7"}, {"street": "3380 Manitoba Street", "city": "North Bay", "province": "Ontario", "postalCode": "P1B 8G4"}, {"street": "4229 Albert Street", "city": "St Thomas", "province": "Ontario", "postalCode": "N5R 3R5"}, {"street": "3307 Dundas St", "city": "London", "province": "Ontario", "postalCode": "N6B 3L5"}, {"street": "4210 Main St", "city": "Sundre", "province": "Alberta", "postalCode": "T0M 1X0"}, {"street": "4073 Victoria Park Ave", "city": "Toronto", "province": "Ontario", "postalCode": "M4A 2M5"}, {"street": "3059 James Street", "city": "Moosonee", "province": "Ontario", "postalCode": "P0L 1Y0"}, {"street": "684 Maria St", "city": "Burlington", "province": "Ontario", "postalCode": "L7R 2G6"}, {"street": "2765 Fourth Avenue", "city": "Calgary", "province": "Alberta", "postalCode": "T2P 0H3"}, {"street": "3300 90th Avenue", "city": "Brooks", "province": "Alberta", "postalCode": "T0J 0J0"}, {"street": "653 Albert Street", "city": "London", "province": "Ontario", "postalCode": "N5W 5K6"}, {"street": "4641 Bridgeport Rd", "city": "Hamilton", "province": "Ontario", "postalCode": "L9A 4V3"}, {"street": "66 Papineau Avenue", "city": "Montreal", "province": "Quebec", "postalCode": "H2K 4J5"}, {"street": "4641 Ross Street", "city": "Kingston", "province": "Ontario", "postalCode": "K7L 4V4"}, {"street": "4227 Yonge Street", "city": "Toronto", "province": "Ontario", "postalCode": "M4W 1J7"}, {"street": "1120 Baker Street", "city": "London", "province": "Ontario", "postalCode": "N0N 0N0"}, {"street": "518 9th Ave", "city": "Lethbridge", "province": "Alberta", "postalCode": "T1J 2J7"}, {"street": "2851 Dry Pine Bay Rd", "city": "Whitefish", "province": "Ontario", "postalCode": "P0M 3E0"}, {"street": "3986 Galts Ave", "city": "Red Deer", "province": "Alberta", "postalCode": "T4N 2A6"}, {"street": "2582 Sherbrooke Ouest", "city": "Montreal", "province": "Quebec", "postalCode": "H4A 1H3"}, {"street": "2010 St. John Street", "city": "Balgonie", "province": "Saskatchewan", "postalCode": "S4P 3Y2"}, {"street": "2911 St Jean Baptiste St", "city": "Baie Des Sables", "province": "Quebec", "postalCode": "G0J 1C0"}, {"street": "30 Birkett Lane", "city": "Brantford", "province": "Ontario", "postalCode": "N3T 2Z8"}, {"street": "376 Weir Crescent", "city": "Toronto", "province": "Ontario", "postalCode": "M1E 3T8"}, {"street": "1877 Bayfield St", "city": "Barrie", "province": "Ontario", "postalCode": "L4M 4S7"}, {"street": "1276 40th Street", "city": "Calgary", "province": "Alberta", "postalCode": "T2T 2Y6"}, {"street": "4837 chemin Hudson", "city": "Montreal", "province": "Quebec", "postalCode": "H4J 1M9"}, {"street": "4695 Exmouth Street", "city": "Sarnia", "province": "Ontario", "postalCode": "N7T 4C8"}, {"street": "2756 Burdett Avenue", "city": "Victoria", "province": "British Columbia", "postalCode": "V8R 5A7"}, {"street": "4783 rue Levy", "city": "Montreal", "province": "Quebec", "postalCode": "H3C 5K4"}, {"street": "4805 184th Street", "city": "Edmonton", "province": "Alberta", "postalCode": "T5J 2R4"}, {"street": "4706 Bay Street", "city": "Toronto", "province": "Ontario", "postalCode": "M5J 2R8"}, {"street": "3136 rue de la Gauchetière", "city": "Montreal", "province": "Quebec", "postalCode": "H3B 2M3"}, {"street": "1235 Brant Ave", "city": "Peerless Lake", "province": "Alberta", "postalCode": "T1T 1T1"}, {"street": "3068 Princess St", "city": "Kingston", "province": "Ontario", "postalCode": "K7L 1C2"}, {"street": "2582 Lockhart Drive", "city": "Barrie", "province": "Ontario", "postalCode": "L4M 3B1"}, {"street": "4855 102nd Avenue", "city": "Salmon Arm", "province": "British Columbia", "postalCode": "V1E 4N2"}, {"street": "440 9th Ave", "city": "Lethbridge", "province": "Alberta", "postalCode": "T1J 2J7"}, {"street": "2682 Bay Street", "city": "Toronto", "province": "Ontario", "postalCode": "M5J 2R8"}, {"street": "2813 Bayfield St", "city": "Stouffville", "province": "Ontario", "postalCode": "L4A 1T2"}, {"street": "2396 Jasper Ave", "city": "Edmonton", "province": "Alberta", "postalCode": "T5J 3N6"}, {"street": "827 Albert Street", "city": "Stratford", "province": "Ontario", "postalCode": "N5A 3K5"}, {"street": "3991 rue des Églises Est", "city": "Lacorne", "province": "Quebec", "postalCode": "J0Y 1R0"}, {"street": "251 Saskatchewan Dr", "city": "Quebec", "province": "Quebec", "postalCode": "S4P 3Y2"}, {"street": "1474 Wellington Street", "city": "Toronto", "province": "Ontario", "postalCode": "M9C 3J5"}, {"street": "4661 rue des Églises Est", "city": "Fabre", "province": "Quebec", "postalCode": "J0Z 1Z0"}, {"street": "478 rue Ellice", "city": "Beauharnois", "province": "Quebec", "postalCode": "J6N 1W6"}, {"street": "4544 Sixth Street", "city": "New Westminister", "province": "British Columbia", "postalCode": "V3L 3C1"}, {"street": "2538 Blanshard", "city": "Victoria", "province": "British Columbia", "postalCode": "V8W 2H9"}, {"street": "2017 Hammarskjold Dr", "city": "Burnaby", "province": "British Columbia", "postalCode": "V5B 3C9"}, {"street": "2496 rue Levy", "city": "Montreal", "province": "Quebec", "postalCode": "H3C 5K4"}, {"street": "1626 137th Avenue", "city": "Edmonton", "province": "Alberta", "postalCode": "T5J 2Z2"}, {"street": "2476 90th Avenue", "city": "Drumheller", "province": "Alberta", "postalCode": "T0J 0Y0"}, {"street": "290 Island Hwy", "city": "Campbell River", "province": "British Columbia", "postalCode": "V9W 2X6"}, {"street": "400 Mill Street", "city": "Sebringville", "province": "Ontario", "postalCode": "N0K 1X0"}, {"street": "292 Water Street", "city": "Kitchener", "province": "Ontario", "postalCode": "N2H 5A5"}, {"street": "79 Sheppard Ave", "city": "Toronto", "province": "Ontario", "postalCode": "M1S 1T4"}, {"street": "2073 Port Washington Road", "city": "Carstairs", "province": "Alberta", "postalCode": "T0M 0N0"}, {"street": "1234 Algonquin Blvd", "city": "Timmins", "province": "Ontario", "postalCode": "P4N 1C3"}, {"street": "4081 Halsey Avenue", "city": "Toronto", "province": "Ontario", "postalCode": "M3B 2W6"}, {"street": "1025 De L'Acadie Boul", "city": "Montreal", "province": "Quebec", "postalCode": "H4N 3C5"}, {"street": "1691 Bridgeport Rd", "city": "Hamilton", "province": "Ontario", "postalCode": "L9A 4V3"}, {"street": "4794 Bank St", "city": "Ottawa", "province": "Ontario", "postalCode": "K1H 7Z1"}, {"street": "440 9th Ave", "city": "Lethbridge", "province": "Alberta", "postalCode": "T1J 2J7"}, {"street": "3577 Burdett Avenue", "city": "Black Point", "province": "British Columbia", "postalCode": "V8A 4Z2"}, {"street": "3709 Dundas St", "city": "Toronto", "province": "Ontario", "postalCode": "M2N 2G8"}, {"street": "4144 Côte Joyeuse", "city": "St Apollinaire", "province": "Quebec", "postalCode": "H0H 0H0"}, {"street": "3722 rue Fournier", "city": "Mascouche", "province": "Quebec", "postalCode": "J7K 1T3"}, {"street": "471 Halsey Avenue", "city": "Toronto", "province": "Ontario", "postalCode": "M3B 2W6"}, {"street": "1110 rue Saint-Édouard", "city": "Trois Rivieres", "province": "Quebec", "postalCode": "G9A 5S8"}, {"street": "895 Bay Street", "city": "Toronto", "province": "Ontario", "postalCode": "M5J 2R8"}, {"street": "1212 Queen Elizabeth Boulevard", "city": "Etobicoke", "province": "Ontario", "postalCode": "M9W 1K7"}, {"street": "1798 Halsey Avenue", "city": "Toronto", "province": "Ontario", "postalCode": "M3B 2W6"}, {"street": "3177 Mesa Vista Drive", "city": "Logan Lake", "province": "British Columbia", "postalCode": "V0K 1W0"}, {"street": "3762 James Street", "city": "St Catharines", "province": "Ontario", "postalCode": "L2R 3H6"}, {"street": "2970 Wallace Street", "city": "Nanaimo", "province": "British Columbia", "postalCode": "V9R 3A8"}, {"street": "2341 Ostrea Lake Rd", "city": "Musquodoboit Harbour", "province": "Nova Scotia", "postalCode": "B0J 2L0"}, {"street": "2202 Sturgeon Drive", "city": "Peace River", "province": "Alberta", "postalCode": "T8S 1V9"}, {"street": "4487 Wentz Avenue", "city": "Saskatoon", "province": "Saskatchewan", "postalCode": "S7K 7A9"}, {"street": "240 Nelson Street", "city": "Sachigo Lake", "province": "Ontario", "postalCode": "P0V 2P0"}, {"street": "1683 Queens Sq", "city": "Hespeler", "province": "Ontario", "postalCode": "N3C 1H3"}, {"street": "4665 White Point Road", "city": "Lahave", "province": "Nova Scotia", "postalCode": "B0R 1C0"}, {"street": "3788 Leslie Street", "city": "Newmarket", "province": "Ontario", "postalCode": "L3Y 2A3"}, {"street": "4639 rue Saint-Antoine", "city": "St Hyacinthe", "province": "Quebec", "postalCode": "J2S 8R8"}, {"street": "2444 Parkdale Ave", "city": "Hawkesbury", "province": "Ontario", "postalCode": "K6A 1E8"}, {"street": "1640 Munsee Street", "city": "Hagersville", "province": "Ontario", "postalCode": "N0A 1H0"}, {"street": "3627 Roger Street", "city": "Duncan", "province": "British Columbia", "postalCode": "V9L 1P1"}, {"street": "4386 Toy Avenue", "city": "Ajax", "province": "Ontario", "postalCode": "L1S 6L6"}, {"street": "2661 184th Street", "city": "Edmonton", "province": "Alberta", "postalCode": "T5J 2R4"}, {"street": "1194 Tycos Dr", "city": "Toronto", "province": "Ontario", "postalCode": "M5T 1T4"}, {"street": "4946 Scotchmere Dr", "city": "Chatham", "province": "Ontario", "postalCode": "N7M 2H1"}, {"street": "4386 Toy Avenue", "city": "Ajax", "province": "Ontario", "postalCode": "L1S 6L6"}, {"street": "3231 Fourth Avenue", "city": "Calgary", "province": "Alberta", "postalCode": "T2P 0H3"}, {"street": "4696 Fallon Drive", "city": "Kerwood", "province": "Ontario", "postalCode": "N0M 2B0"}, {"street": "133 11th Ave", "city": "Calgary", "province": "Alberta", "postalCode": "T2P 1M6"}, {"street": "3201 Jasper Avenue", "city": "Edmonton", "province": "Alberta", "postalCode": "T5J 3N2"}, {"street": "2233 47th Avenue", "city": "Faro", "province": "Yukon", "postalCode": "Y0B 1K0"}, {"street": "4632 rue Parc", "city": "Sherbrooke", "province": "Quebec", "postalCode": "J1H 1R6"}, {"street": "1784 Bridgeport Rd", "city": "Ancaster", "province": "Ontario", "postalCode": "L9G 2C1"}, {"street": "756 Hamilton Street", "city": "Elbow", "province": "Saskatchewan", "postalCode": "S4P 3Y2"}, {"street": "2340 Ross Street", "city": "Perth", "province": "Ontario", "postalCode": "K7H 2S6"}, {"street": "807 Goyeau Ave", "city": "Windsor", "province": "Ontario", "postalCode": "N9A 1H9"}, {"street": "1435 Weston Rd", "city": "Toronto", "province": "Ontario", "postalCode": "M9N 1G4"}, {"street": "1125 Bridgeport Rd", "city": "Milton", "province": "Ontario", "postalCode": "L9T 1P4"}, {"street": "1303 St Jean Baptiste St", "city": "St Fulgence", "province": "Quebec", "postalCode": "G0V 1S0"}, {"street": "810 St-Jacques Est", "city": "Arthabaska", "province": "Quebec", "postalCode": "G6P 5V8"}, {"street": "156 Papineau Avenue", "city": "Montreal", "province": "Quebec", "postalCode": "H2K 4J5"}, {"street": "361 Boulevard Ste-Geneviève", "city": "La Baie", "province": "Quebec", "postalCode": "G7B 1P3"}, {"street": "4758 Lynden Road", "city": "Mount Albert", "province": "Ontario", "postalCode": "L0G 1M0"}, {"street": "3746 Stoney Creek", "city": "Grenfell", "province": "Saskatchewan", "postalCode": "S4P 3Y2"}, {"street": "2795 René-Lévesque Blvd", "city": "Montreal", "province": "Quebec", "postalCode": "H3B 4W8"}, {"street": "3504 Rose Street", "city": "Regina", "province": "Saskatchewan", "postalCode": "S4P 3Y2"}, {"street": "4771 Woodvale Drive", "city": "Glencoe", "province": "Ontario", "postalCode": "N0L 1M0"}, {"street": "4272 Robson St", "city": "Vancouver", "province": "British Columbia", "postalCode": "V6B 3K9"}, {"street": "2628 Sixth Street", "city": "New Westminster", "province": "British Columbia", "postalCode": "V3L 3C1"}, {"street": "960 James Street", "city": "St Catharines", "province": "Ontario", "postalCode": "L2R 3H6"}, {"street": "2719 Riedel Street", "city": "Fort Mcmurray", "province": "Alberta", "postalCode": "T9H 3J9"}, {"street": "302 Rue De La Gare", "city": "St Felicien", "province": "Quebec", "postalCode": "G8K 1B1"}, {"street": "4667 Rue King", "city": "Sherbrooke", "province": "Quebec", "postalCode": "J1H 1R4"}, {"street": "2424 Heritage Drive", "city": "Calgary", "province": "Alberta", "postalCode": "T2V 2W2"}, {"street": "986 Paris St", "city": "Sudbury", "province": "Ontario", "postalCode": "P3E 4K2"}, {"street": "1492 St. John Street", "city": "Invermay", "province": "Saskatchewan", "postalCode": "S4P 3Y2"}, {"street": "817 47th Avenue", "city": "Carcross", "province": "Yukon", "postalCode": "Y0B 1B0"}, {"street": "539 Islington Ave", "city": "Toronto", "province": "Ontario", "postalCode": "M8V 3B6"}, {"street": "2247 St Jean Baptiste St", "city": "Lac Au Saumon", "province": "Quebec", "postalCode": "G0J 1M0"}, {"street": "2946 Charleton Ave", "city": "Hamilton", "province": "Ontario", "postalCode": "L8N 3X3"}, {"street": "4553 Heatherleigh", "city": "Cooksville", "province": "Ontario", "postalCode": "L5A 1V9"}, {"street": "4677 Brew Creek Rd", "city": "Whistler", "province": "British Columbia", "postalCode": "V0N 1B0"}, {"street": "3487 Pitfield Blvd", "city": "Pont Viau", "province": "Quebec", "postalCode": "H7G 1P9"}, {"street": "690 Merivale Road", "city": "Ottawa", "province": "Ontario", "postalCode": "K2P 0K1"}, {"street": "2165 Boulevard Laflèche", "city": "Riviere Du Loup", "province": "Quebec", "postalCode": "G5R 3E9"}, {"street": "3889 A Avenue", "city": "Edmonton", "province": "Alberta", "postalCode": "T5J 0K7"}, {"street": "2934 Water Street", "city": "Kitchener", "province": "Ontario", "postalCode": "N2H 5A5"}, {"street": "4453 Reserve St", "city": "Tweed", "province": "Ontario", "postalCode": "K0K 3J0"}, {"street": "4962 Blind Bay Road", "city": "Salmon Arm", "province": "British Columbia", "postalCode": "V0E 2T0"}, {"street": "4057 47th Avenue", "city": "Elk Point", "province": "Alberta", "postalCode": "T0A 1A0"}, {"street": "2249 René-Lévesque Blvd", "city": "Montreal", "province": "Quebec", "postalCode": "H3B 4W8"}, {"street": "4655 Riedel Street", "city": "Fort Mcmurray", "province": "Alberta", "postalCode": "T9H 3J9"}, {"street": "1562 Côte Joyeuse", "city": "St Apollinaire", "province": "Quebec", "postalCode": "H0H 0H0"}]
